STRUCTURE,STRUCTURE_ID,STRUCTURE_NAME,ACTION,REF_AREA,Reference area,FREQ,Frequency of observation,MEASURE,Measure,UNIT_MEASURE,Unit of measure,ACTIVITY,Economic activity,TIME_PERIOD,Time period,OBS_VALUE,Observation value,OBS_STATUS,Observation status,OBS_STATUS_2,Observation status 2,UNIT_MULT,Unit multiplier,PRICE_BASE,Price base,BASE_PER,Base period,TIMELINESS,Timeliness,DECIMALS,Decimals
DATAFLOW,OECD.ENV.EPI:DSD_GG@DF_GREEN_GROWTH(1.1),Green Growth,I,KHM,Cambodia,A,Annual,RE_TPES_EBIOM,Renewable energy supply (excluding solid biofuels),PT_SUP_NRG,Percentage of energy supply,_T,Total - all activities,2020,,4.41,,A,Normal value,,,0,Units,_Z,Not applicable,,,1,"1 year lag, timely",2,Two
DATAFLOW,OECD.ENV.EPI:DSD_GG@DF_GREEN_GROWTH(1.1),Green Growth,I,LBY,Libya,A,Annual,RE_TPES_EBIOM,Renewable energy supply (excluding solid biofuels),PT_SUP_NRG,Percentage of energy supply,_T,Total - all activities,2020,,0,,A,Normal value,,,0,Units,_Z,Not applicable,,,1,"1 year lag, timely",2,Two
DATAFLOW,OECD.ENV.EPI:DSD_GG@DF_GREEN_GROWTH(1.1),Green Growth,I,PER,Peru,A,Annual,RE_TPES_EBIOM,Renewable energy supply (excluding solid biofuels),PT_SUP_NRG,Percentage of energy supply,_T,Total - all activities,2020,,14.33,,A,Normal value,,,0,Units,_Z,Not applicable,,,1,"1 year lag, timely",2,Two
DATAFLOW,OECD.ENV.EPI:DSD_GG@DF_GREEN_GROWTH(1.1),Green Growth,I,DEU,Germany,A,Annual,RE_TPES_EBIOM,Renewable energy supply (excluding solid biofuels),PT_SUP_NRG,Percentage of energy supply,_T,Total - all activities,2020,,11.76,,A,Normal value,,,0,Units,_Z,Not applicable,,,1,"1 year lag, timely",2,Two
DATAFLOW,OECD.ENV.EPI:DSD_GG@DF_GREEN_GROWTH(1.1),Green Growth,I,MMR,Myanmar,A,Annual,RE_TPES_EBIOM,Renewable energy supply (excluding solid biofuels),PT_SUP_NRG,Percentage of energy supply,_T,Total - all activities,2020,,4.01,,A,Normal value,,,0,Units,_Z,Not applicable,,,1,"1 year lag, timely",2,Two
DATAFLOW,OECD.ENV.EPI:DSD_GG@DF_GREEN_GROWTH(1.1),Green Growth,I,SYR,Syrian Arab Republic,A,Annual,RE_TPES_EBIOM,Renewable energy supply (excluding solid biofuels),PT_SUP_NRG,Percentage of energy supply,_T,Total - all activities,2020,,0.74,,A,Normal value,,,0,Units,_Z,Not applicable,,,1,"1 year lag, timely",2,Two
DATAFLOW,OECD.ENV.EPI:DSD_GG@DF_GREEN_GROWTH(1.1),Green Growth,I,VEN,Venezuela,A,Annual,RE_TPES_EBIOM,Renewable energy supply (excluding solid biofuels),PT_SUP_NRG,Percentage of energy supply,_T,Total - all activities,2020,,21.99,,A,Normal value,,,0,Units,_Z,Not applicable,,,1,"1 year lag, timely",2,Two
DATAFLOW,OECD.ENV.EPI:DSD_GG@DF_GREEN_GROWTH(1.1),Green Growth,I,SSD,South Sudan,A,Annual,RE_TPES_EBIOM,Renewable energy supply (excluding solid biofuels),PT_SUP_NRG,Percentage of energy supply,_T,Total - all activities,2020,,0.12,,A,Normal value,,,0,Units,_Z,Not applicable,,,1,"1 year lag, timely",2,Two
DATAFLOW,OECD.ENV.EPI:DSD_GG@DF_GREEN_GROWTH(1.1),Green Growth,I,BIH,Bosnia and Herzegovina,A,Annual,RE_TPES_EBIOM,Renewable energy supply (excluding solid biofuels),PT_SUP_NRG,Percentage of energy supply,_T,Total - all activities,2020,,5.95,,A,Normal value,,,0,Units,_Z,Not applicable,,,1,"1 year lag, timely",2,Two
DATAFLOW,OECD.ENV.EPI:DSD_GG@DF_GREEN_GROWTH(1.1),Green Growth,I,ECU,Ecuador,A,Annual,RE_TPES_EBIOM,Renewable energy supply (excluding solid biofuels),PT_SUP_NRG,Percentage of energy supply,_T,Total - all activities,2020,,15.76,,A,Normal value,,,0,Units,_Z,Not applicable,,,1,"1 year lag, timely",2,Two
DATAFLOW,OECD.ENV.EPI:DSD_GG@DF_GREEN_GROWTH(1.1),Green Growth,I,MLT,Malta,A,Annual,RE_TPES_EBIOM,Renewable energy supply (excluding solid biofuels),PT_SUP_NRG,Percentage of energy supply,_T,Total - all activities,2020,,6,,A,Normal value,,,0,Units,_Z,Not applicable,,,1,"1 year lag, timely",2,Two
DATAFLOW,OECD.ENV.EPI:DSD_GG@DF_GREEN_GROWTH(1.1),Green Growth,I,POL,Poland,A,Annual,RE_TPES_EBIOM,Renewable energy supply (excluding solid biofuels),PT_SUP_NRG,Percentage of energy supply,_T,Total - all activities,2020,,3.26,,A,Normal value,,,0,Units,_Z,Not applicable,,,1,"1 year lag, timely",2,Two
DATAFLOW,OECD.ENV.EPI:DSD_GG@DF_GREEN_GROWTH(1.1),Green Growth,I,LUX,Luxembourg,A,Annual,RE_TPES_EBIOM,Renewable energy supply (excluding solid biofuels),PT_SUP_NRG,Percentage of energy supply,_T,Total - all activities,2020,,6.61,,A,Normal value,,,0,Units,_Z,Not applicable,,,1,"1 year lag, timely",2,Two
DATAFLOW,OECD.ENV.EPI:DSD_GG@DF_GREEN_GROWTH(1.1),Green Growth,I,EST,Estonia,A,Annual,RE_TPES_EBIOM,Renewable energy supply (excluding solid biofuels),PT_SUP_NRG,Percentage of energy supply,_T,Total - all activities,2020,,3.92,,A,Normal value,,,0,Units,_Z,Not applicable,,,1,"1 year lag, timely",2,Two
DATAFLOW,OECD.ENV.EPI:DSD_GG@DF_GREEN_GROWTH(1.1),Green Growth,I,CHE,Switzerland,A,Annual,RE_TPES_EBIOM,Renewable energy supply (excluding solid biofuels),PT_SUP_NRG,Percentage of energy supply,_T,Total - all activities,2020,,19.2,,A,Normal value,,,0,Units,_Z,Not applicable,,,1,"1 year lag, timely",2,Two
DATAFLOW,OECD.ENV.EPI:DSD_GG@DF_GREEN_GROWTH(1.1),Green Growth,I,IDN,Indonesia,A,Annual,RE_TPES_EBIOM,Renewable energy supply (excluding solid biofuels),PT_SUP_NRG,Percentage of energy supply,_T,Total - all activities,2020,,15.37,,A,Normal value,,,0,Units,_Z,Not applicable,,,1,"1 year lag, timely",2,Two
DATAFLOW,OECD.ENV.EPI:DSD_GG@DF_GREEN_GROWTH(1.1),Green Growth,I,TZA,Tanzania,A,Annual,RE_TPES_EBIOM,Renewable energy supply (excluding solid biofuels),PT_SUP_NRG,Percentage of energy supply,_T,Total - all activities,2020,,1.15,,A,Normal value,,,0,Units,_Z,Not applicable,,,1,"1 year lag, timely",2,Two
DATAFLOW,OECD.ENV.EPI:DSD_GG@DF_GREEN_GROWTH(1.1),Green Growth,I,CZE,Czechia,A,Annual,RE_TPES_EBIOM,Renewable energy supply (excluding solid biofuels),PT_SUP_NRG,Percentage of energy supply,_T,Total - all activities,2020,,3.79,,A,Normal value,,,0,Units,_Z,Not applicable,,,1,"1 year lag, timely",2,Two
DATAFLOW,OECD.ENV.EPI:DSD_GG@DF_GREEN_GROWTH(1.1),Green Growth,I,NIC,Nicaragua,A,Annual,RE_TPES_EBIOM,Renewable energy supply (excluding solid biofuels),PT_SUP_NRG,Percentage of energy supply,_T,Total - all activities,2020,,19.69,,A,Normal value,,,0,Units,_Z,Not applicable,,,1,"1 year lag, timely",2,Two
DATAFLOW,OECD.ENV.EPI:DSD_GG@DF_GREEN_GROWTH(1.1),Green Growth,I,GAB,Gabon,A,Annual,RE_TPES_EBIOM,Renewable energy supply (excluding solid biofuels),PT_SUP_NRG,Percentage of energy supply,_T,Total - all activities,2020,,1.74,,A,Normal value,,,0,Units,_Z,Not applicable,,,1,"1 year lag, timely",2,Two
DATAFLOW,OECD.ENV.EPI:DSD_GG@DF_GREEN_GROWTH(1.1),Green Growth,I,NZL,New Zealand,A,Annual,RE_TPES_EBIOM,Renewable energy supply (excluding solid biofuels),PT_SUP_NRG,Percentage of energy supply,_T,Total - all activities,2020,,36.52,,A,Normal value,,,0,Units,_Z,Not applicable,,,1,"1 year lag, timely",2,Two
DATAFLOW,OECD.ENV.EPI:DSD_GG@DF_GREEN_GROWTH(1.1),Green Growth,I,ZAF,South Africa,A,Annual,RE_TPES_EBIOM,Renewable energy supply (excluding solid biofuels),PT_SUP_NRG,Percentage of energy supply,_T,Total - all activities,2020,,1.15,,A,Normal value,,,0,Units,_Z,Not applicable,,,1,"1 year lag, timely",2,Two
DATAFLOW,OECD.ENV.EPI:DSD_GG@DF_GREEN_GROWTH(1.1),Green Growth,I,JOR,Jordan,A,Annual,RE_TPES_EBIOM,Renewable energy supply (excluding solid biofuels),PT_SUP_NRG,Percentage of energy supply,_T,Total - all activities,2020,,6.91,,A,Normal value,,,0,Units,_Z,Not applicable,,,1,"1 year lag, timely",2,Two
DATAFLOW,OECD.ENV.EPI:DSD_GG@DF_GREEN_GROWTH(1.1),Green Growth,I,CUB,Cuba,A,Annual,RE_TPES_EBIOM,Renewable energy supply (excluding solid biofuels),PT_SUP_NRG,Percentage of energy supply,_T,Total - all activities,2020,,2.47,,A,Normal value,,,0,Units,_Z,Not applicable,,,1,"1 year lag, timely",2,Two
DATAFLOW,OECD.ENV.EPI:DSD_GG@DF_GREEN_GROWTH(1.1),Green Growth,I,URY,Uruguay,A,Annual,RE_TPES_EBIOM,Renewable energy supply (excluding solid biofuels),PT_SUP_NRG,Percentage of energy supply,_T,Total - all activities,2020,,18.52,,A,Normal value,,,0,Units,_Z,Not applicable,,,1,"1 year lag, timely",2,Two
DATAFLOW,OECD.ENV.EPI:DSD_GG@DF_GREEN_GROWTH(1.1),Green Growth,I,AZE,Azerbaijan,A,Annual,RE_TPES_EBIOM,Renewable energy supply (excluding solid biofuels),PT_SUP_NRG,Percentage of energy supply,_T,Total - all activities,2020,,0.91,,A,Normal value,,,0,Units,_Z,Not applicable,,,1,"1 year lag, timely",2,Two
DATAFLOW,OECD.ENV.EPI:DSD_GG@DF_GREEN_GROWTH(1.1),Green Growth,I,SGP,Singapore,A,Annual,RE_TPES_EBIOM,Renewable energy supply (excluding solid biofuels),PT_SUP_NRG,Percentage of energy supply,_T,Total - all activities,2020,,1,,A,Normal value,,,0,Units,_Z,Not applicable,,,1,"1 year lag, timely",2,Two
DATAFLOW,OECD.ENV.EPI:DSD_GG@DF_GREEN_GROWTH(1.1),Green Growth,I,ZWE,Zimbabwe,A,Annual,RE_TPES_EBIOM,Renewable energy supply (excluding solid biofuels),PT_SUP_NRG,Percentage of energy supply,_T,Total - all activities,2020,,3.61,,A,Normal value,,,0,Units,_Z,Not applicable,,,1,"1 year lag, timely",2,Two
DATAFLOW,OECD.ENV.EPI:DSD_GG@DF_GREEN_GROWTH(1.1),Green Growth,I,GHA,Ghana,A,Annual,RE_TPES_EBIOM,Renewable energy supply (excluding solid biofuels),PT_SUP_NRG,Percentage of energy supply,_T,Total - all activities,2020,,5.26,,A,Normal value,,,0,Units,_Z,Not applicable,,,1,"1 year lag, timely",2,Two
DATAFLOW,OECD.ENV.EPI:DSD_GG@DF_GREEN_GROWTH(1.1),Green Growth,I,GUY,Guyana,A,Annual,RE_TPES_EBIOM,Renewable energy supply (excluding solid biofuels),PT_SUP_NRG,Percentage of energy supply,_T,Total - all activities,2020,,0.06,,A,Normal value,,,0,Units,_Z,Not applicable,,,1,"1 year lag, timely",2,Two
DATAFLOW,OECD.ENV.EPI:DSD_GG@DF_GREEN_GROWTH(1.1),Green Growth,I,BEN,Benin,A,Annual,RE_TPES_EBIOM,Renewable energy supply (excluding solid biofuels),PT_SUP_NRG,Percentage of energy supply,_T,Total - all activities,2020,,0.01,,A,Normal value,,,0,Units,_Z,Not applicable,,,1,"1 year lag, timely",2,Two
DATAFLOW,OECD.ENV.EPI:DSD_GG@DF_GREEN_GROWTH(1.1),Green Growth,I,BRN,Brunei Darussalam,A,Annual,RE_TPES_EBIOM,Renewable energy supply (excluding solid biofuels),PT_SUP_NRG,Percentage of energy supply,_T,Total - all activities,2020,,0,,A,Normal value,,,0,Units,_Z,Not applicable,,,1,"1 year lag, timely",2,Two
DATAFLOW,OECD.ENV.EPI:DSD_GG@DF_GREEN_GROWTH(1.1),Green Growth,I,ARE,United Arab Emirates,A,Annual,RE_TPES_EBIOM,Renewable energy supply (excluding solid biofuels),PT_SUP_NRG,Percentage of energy supply,_T,Total - all activities,2020,,0.63,,A,Normal value,,,0,Units,_Z,Not applicable,,,1,"1 year lag, timely",2,Two
DATAFLOW,OECD.ENV.EPI:DSD_GG@DF_GREEN_GROWTH(1.1),Green Growth,I,ALB,Albania,A,Annual,RE_TPES_EBIOM,Renewable energy supply (excluding solid biofuels),PT_SUP_NRG,Percentage of energy supply,_T,Total - all activities,2020,,26.48,,A,Normal value,,,0,Units,_Z,Not applicable,,,1,"1 year lag, timely",2,Two
DATAFLOW,OECD.ENV.EPI:DSD_GG@DF_GREEN_GROWTH(1.1),Green Growth,I,TJK,Tajikistan,A,Annual,RE_TPES_EBIOM,Renewable energy supply (excluding solid biofuels),PT_SUP_NRG,Percentage of energy supply,_T,Total - all activities,2020,,42.56,,A,Normal value,,,0,Units,_Z,Not applicable,,,1,"1 year lag, timely",2,Two
DATAFLOW,OECD.ENV.EPI:DSD_GG@DF_GREEN_GROWTH(1.1),Green Growth,I,UZB,Uzbekistan,A,Annual,RE_TPES_EBIOM,Renewable energy supply (excluding solid biofuels),PT_SUP_NRG,Percentage of energy supply,_T,Total - all activities,2020,,0.95,,A,Normal value,,,0,Units,_Z,Not applicable,,,1,"1 year lag, timely",2,Two
DATAFLOW,OECD.ENV.EPI:DSD_GG@DF_GREEN_GROWTH(1.1),Green Growth,I,EU27_2020,European Union (27 countries from 01/02/2020),A,Annual,RE_TPES_EBIOM,Renewable energy supply (excluding solid biofuels),PT_SUP_NRG,Percentage of energy supply,_T,Total - all activities,2020,,9.88,,A,Normal value,,,0,Units,_Z,Not applicable,,,1,"1 year lag, timely",2,Two
DATAFLOW,OECD.ENV.EPI:DSD_GG@DF_GREEN_GROWTH(1.1),Green Growth,I,LBN,Lebanon,A,Annual,RE_TPES_EBIOM,Renewable energy supply (excluding solid biofuels),PT_SUP_NRG,Percentage of energy supply,_T,Total - all activities,2020,,2.29,,A,Normal value,,,0,Units,_Z,Not applicable,,,1,"1 year lag, timely",2,Two
DATAFLOW,OECD.ENV.EPI:DSD_GG@DF_GREEN_GROWTH(1.1),Green Growth,I,KWT,Kuwait,A,Annual,RE_TPES_EBIOM,Renewable energy supply (excluding solid biofuels),PT_SUP_NRG,Percentage of energy supply,_T,Total - all activities,2020,,0.12,,A,Normal value,,,0,Units,_Z,Not applicable,,,1,"1 year lag, timely",2,Two
DATAFLOW,OECD.ENV.EPI:DSD_GG@DF_GREEN_GROWTH(1.1),Green Growth,I,CHN,China (People’s Republic of),A,Annual,RE_TPES_EBIOM,Renewable energy supply (excluding solid biofuels),PT_SUP_NRG,Percentage of energy supply,_T,Total - all activities,2020,,6.6,,A,Normal value,,,0,Units,_Z,Not applicable,,,1,"1 year lag, timely",2,Two
DATAFLOW,OECD.ENV.EPI:DSD_GG@DF_GREEN_GROWTH(1.1),Green Growth,I,TGO,Togo,A,Annual,RE_TPES_EBIOM,Renewable energy supply (excluding solid biofuels),PT_SUP_NRG,Percentage of energy supply,_T,Total - all activities,2020,,0.36,,A,Normal value,,,0,Units,_Z,Not applicable,,,1,"1 year lag, timely",2,Two
DATAFLOW,OECD.ENV.EPI:DSD_GG@DF_GREEN_GROWTH(1.1),Green Growth,I,RWA,Rwanda,A,Annual,RE_TPES_EBIOM,Renewable energy supply (excluding solid biofuels),PT_SUP_NRG,Percentage of energy supply,_T,Total - all activities,2020,,1.01,,A,Normal value,,,0,Units,_Z,Not applicable,,,1,"1 year lag, timely",2,Two
DATAFLOW,OECD.ENV.EPI:DSD_GG@DF_GREEN_GROWTH(1.1),Green Growth,I,GRC,Greece,A,Annual,RE_TPES_EBIOM,Renewable energy supply (excluding solid biofuels),PT_SUP_NRG,Percentage of energy supply,_T,Total - all activities,2020,,10.71,,A,Normal value,,,0,Units,_Z,Not applicable,,,1,"1 year lag, timely",2,Two
DATAFLOW,OECD.ENV.EPI:DSD_GG@DF_GREEN_GROWTH(1.1),Green Growth,I,MOZ,Mozambique,A,Annual,RE_TPES_EBIOM,Renewable energy supply (excluding solid biofuels),PT_SUP_NRG,Percentage of energy supply,_T,Total - all activities,2020,,12.53,,A,Normal value,,,0,Units,_Z,Not applicable,,,1,"1 year lag, timely",2,Two
DATAFLOW,OECD.ENV.EPI:DSD_GG@DF_GREEN_GROWTH(1.1),Green Growth,I,UGA,Uganda,A,Annual,RE_TPES_EBIOM,Renewable energy supply (excluding solid biofuels),PT_SUP_NRG,Percentage of energy supply,_T,Total - all activities,2020,,2.05,,A,Normal value,,,0,Units,_Z,Not applicable,,,1,"1 year lag, timely",2,Two
DATAFLOW,OECD.ENV.EPI:DSD_GG@DF_GREEN_GROWTH(1.1),Green Growth,I,LVA,Latvia,A,Annual,RE_TPES_EBIOM,Renewable energy supply (excluding solid biofuels),PT_SUP_NRG,Percentage of energy supply,_T,Total - all activities,2020,,9.47,,A,Normal value,,,0,Units,_Z,Not applicable,,,1,"1 year lag, timely",2,Two
DATAFLOW,OECD.ENV.EPI:DSD_GG@DF_GREEN_GROWTH(1.1),Green Growth,I,COD,Democratic Republic of the Congo,A,Annual,RE_TPES_EBIOM,Renewable energy supply (excluding solid biofuels),PT_SUP_NRG,Percentage of energy supply,_T,Total - all activities,2020,,3.3,,A,Normal value,,,0,Units,_Z,Not applicable,,,1,"1 year lag, timely",2,Two
DATAFLOW,OECD.ENV.EPI:DSD_GG@DF_GREEN_GROWTH(1.1),Green Growth,I,HRV,Croatia,A,Annual,RE_TPES_EBIOM,Renewable energy supply (excluding solid biofuels),PT_SUP_NRG,Percentage of energy supply,_T,Total - all activities,2020,,10.52,,A,Normal value,,,0,Units,_Z,Not applicable,,,1,"1 year lag, timely",2,Two
DATAFLOW,OECD.ENV.EPI:DSD_GG@DF_GREEN_GROWTH(1.1),Green Growth,I,PAK,Pakistan,A,Annual,RE_TPES_EBIOM,Renewable energy supply (excluding solid biofuels),PT_SUP_NRG,Percentage of energy supply,_T,Total - all activities,2020,,3,,A,Normal value,,,0,Units,_Z,Not applicable,,,1,"1 year lag, timely",2,Two
DATAFLOW,OECD.ENV.EPI:DSD_GG@DF_GREEN_GROWTH(1.1),Green Growth,I,KAZ,Kazakhstan,A,Annual,RE_TPES_EBIOM,Renewable energy supply (excluding solid biofuels),PT_SUP_NRG,Percentage of energy supply,_T,Total - all activities,2020,,1.6,,A,Normal value,,,0,Units,_Z,Not applicable,,,1,"1 year lag, timely",2,Two
DATAFLOW,OECD.ENV.EPI:DSD_GG@DF_GREEN_GROWTH(1.1),Green Growth,I,MUS,Mauritius,A,Annual,RE_TPES_EBIOM,Renewable energy supply (excluding solid biofuels),PT_SUP_NRG,Percentage of energy supply,_T,Total - all activities,2020,,2.4,,A,Normal value,,,0,Units,_Z,Not applicable,,,1,"1 year lag, timely",2,Two
DATAFLOW,OECD.ENV.EPI:DSD_GG@DF_GREEN_GROWTH(1.1),Green Growth,I,EGY,Egypt,A,Annual,RE_TPES_EBIOM,Renewable energy supply (excluding solid biofuels),PT_SUP_NRG,Percentage of energy supply,_T,Total - all activities,2020,,2.33,,A,Normal value,,,0,Units,_Z,Not applicable,,,1,"1 year lag, timely",2,Two
DATAFLOW,OECD.ENV.EPI:DSD_GG@DF_GREEN_GROWTH(1.1),Green Growth,I,NAM,Namibia,A,Annual,RE_TPES_EBIOM,Renewable energy supply (excluding solid biofuels),PT_SUP_NRG,Percentage of energy supply,_T,Total - all activities,2020,,8.82,,A,Normal value,,,0,Units,_Z,Not applicable,,,1,"1 year lag, timely",2,Two
DATAFLOW,OECD.ENV.EPI:DSD_GG@DF_GREEN_GROWTH(1.1),Green Growth,I,ETH,Ethiopia,A,Annual,RE_TPES_EBIOM,Renewable energy supply (excluding solid biofuels),PT_SUP_NRG,Percentage of energy supply,_T,Total - all activities,2020,,2.94,,A,Normal value,,,0,Units,_Z,Not applicable,,,1,"1 year lag, timely",2,Two
DATAFLOW,OECD.ENV.EPI:DSD_GG@DF_GREEN_GROWTH(1.1),Green Growth,I,BGR,Bulgaria,A,Annual,RE_TPES_EBIOM,Renewable energy supply (excluding solid biofuels),PT_SUP_NRG,Percentage of energy supply,_T,Total - all activities,2020,,4.74,,A,Normal value,,,0,Units,_Z,Not applicable,,,1,"1 year lag, timely",2,Two
DATAFLOW,OECD.ENV.EPI:DSD_GG@DF_GREEN_GROWTH(1.1),Green Growth,I,BGD,Bangladesh,A,Annual,RE_TPES_EBIOM,Renewable energy supply (excluding solid biofuels),PT_SUP_NRG,Percentage of energy supply,_T,Total - all activities,2020,,0.25,,A,Normal value,,,0,Units,_Z,Not applicable,,,1,"1 year lag, timely",2,Two
DATAFLOW,OECD.ENV.EPI:DSD_GG@DF_GREEN_GROWTH(1.1),Green Growth,I,SDN,Sudan,A,Annual,RE_TPES_EBIOM,Renewable energy supply (excluding solid biofuels),PT_SUP_NRG,Percentage of energy supply,_T,Total - all activities,2020,,4.51,,A,Normal value,,,0,Units,_Z,Not applicable,,,1,"1 year lag, timely",2,Two
DATAFLOW,OECD.ENV.EPI:DSD_GG@DF_GREEN_GROWTH(1.1),Green Growth,I,TKM,Turkmenistan,A,Annual,RE_TPES_EBIOM,Renewable energy supply (excluding solid biofuels),PT_SUP_NRG,Percentage of energy supply,_T,Total - all activities,2020,,0,,A,Normal value,,,0,Units,_Z,Not applicable,,,1,"1 year lag, timely",2,Two
DATAFLOW,OECD.ENV.EPI:DSD_GG@DF_GREEN_GROWTH(1.1),Green Growth,I,IRN,Iran,A,Annual,RE_TPES_EBIOM,Renewable energy supply (excluding solid biofuels),PT_SUP_NRG,Percentage of energy supply,_T,Total - all activities,2020,,0.56,,A,Normal value,,,0,Units,_Z,Not applicable,,,1,"1 year lag, timely",2,Two
DATAFLOW,OECD.ENV.EPI:DSD_GG@DF_GREEN_GROWTH(1.1),Green Growth,I,ITA,Italy,A,Annual,RE_TPES_EBIOM,Renewable energy supply (excluding solid biofuels),PT_SUP_NRG,Percentage of energy supply,_T,Total - all activities,2020,,13.43,,A,Normal value,,,0,Units,_Z,Not applicable,,,1,"1 year lag, timely",2,Two
DATAFLOW,OECD.ENV.EPI:DSD_GG@DF_GREEN_GROWTH(1.1),Green Growth,I,PHL,Philippines,A,Annual,RE_TPES_EBIOM,Renewable energy supply (excluding solid biofuels),PT_SUP_NRG,Percentage of energy supply,_T,Total - all activities,2020,,18.19,,A,Normal value,,,0,Units,_Z,Not applicable,,,1,"1 year lag, timely",2,Two
DATAFLOW,OECD.ENV.EPI:DSD_GG@DF_GREEN_GROWTH(1.1),Green Growth,I,YEM,Yemen,A,Annual,RE_TPES_EBIOM,Renewable energy supply (excluding solid biofuels),PT_SUP_NRG,Percentage of energy supply,_T,Total - all activities,2020,,1.46,,A,Normal value,,,0,Units,_Z,Not applicable,,,1,"1 year lag, timely",2,Two
DATAFLOW,OECD.ENV.EPI:DSD_GG@DF_GREEN_GROWTH(1.1),Green Growth,I,JPN,Japan,A,Annual,RE_TPES_EBIOM,Renewable energy supply (excluding solid biofuels),PT_SUP_NRG,Percentage of energy supply,_T,Total - all activities,2020,,4.68,,A,Normal value,,,0,Units,_Z,Not applicable,,,1,"1 year lag, timely",2,Two
DATAFLOW,OECD.ENV.EPI:DSD_GG@DF_GREEN_GROWTH(1.1),Green Growth,I,ISR,Israel,A,Annual,RE_TPES_EBIOM,Renewable energy supply (excluding solid biofuels),PT_SUP_NRG,Percentage of energy supply,_T,Total - all activities,2020,,4.33,,A,Normal value,,,0,Units,_Z,Not applicable,,,1,"1 year lag, timely",2,Two
DATAFLOW,OECD.ENV.EPI:DSD_GG@DF_GREEN_GROWTH(1.1),Green Growth,I,NOR,Norway,A,Annual,RE_TPES_EBIOM,Renewable energy supply (excluding solid biofuels),PT_SUP_NRG,Percentage of energy supply,_T,Total - all activities,2020,,49.64,,A,Normal value,,,0,Units,_Z,Not applicable,,,1,"1 year lag, timely",2,Two
DATAFLOW,OECD.ENV.EPI:DSD_GG@DF_GREEN_GROWTH(1.1),Green Growth,I,COG,Congo,A,Annual,RE_TPES_EBIOM,Renewable energy supply (excluding solid biofuels),PT_SUP_NRG,Percentage of energy supply,_T,Total - all activities,2020,,2.37,,A,Normal value,,,0,Units,_Z,Not applicable,,,1,"1 year lag, timely",2,Two
DATAFLOW,OECD.ENV.EPI:DSD_GG@DF_GREEN_GROWTH(1.1),Green Growth,I,SVN,Slovenia,A,Annual,RE_TPES_EBIOM,Renewable energy supply (excluding solid biofuels),PT_SUP_NRG,Percentage of energy supply,_T,Total - all activities,2020,,9.33,,A,Normal value,,,0,Units,_Z,Not applicable,,,1,"1 year lag, timely",2,Two
DATAFLOW,OECD.ENV.EPI:DSD_GG@DF_GREEN_GROWTH(1.1),Green Growth,I,DOM,Dominican Republic,A,Annual,RE_TPES_EBIOM,Renewable energy supply (excluding solid biofuels),PT_SUP_NRG,Percentage of energy supply,_T,Total - all activities,2020,,2.92,,A,Normal value,,,0,Units,_Z,Not applicable,,,1,"1 year lag, timely",2,Two
DATAFLOW,OECD.ENV.EPI:DSD_GG@DF_GREEN_GROWTH(1.1),Green Growth,I,LTU,Lithuania,A,Annual,RE_TPES_EBIOM,Renewable energy supply (excluding solid biofuels),PT_SUP_NRG,Percentage of energy supply,_T,Total - all activities,2020,,4.55,,A,Normal value,,,0,Units,_Z,Not applicable,,,1,"1 year lag, timely",2,Two
DATAFLOW,OECD.ENV.EPI:DSD_GG@DF_GREEN_GROWTH(1.1),Green Growth,I,VNM,Viet Nam,A,Annual,RE_TPES_EBIOM,Renewable energy supply (excluding solid biofuels),PT_SUP_NRG,Percentage of energy supply,_T,Total - all activities,2020,,7.45,,A,Normal value,,,0,Units,_Z,Not applicable,,,1,"1 year lag, timely",2,Two
DATAFLOW,OECD.ENV.EPI:DSD_GG@DF_GREEN_GROWTH(1.1),Green Growth,I,GTM,Guatemala,A,Annual,RE_TPES_EBIOM,Renewable energy supply (excluding solid biofuels),PT_SUP_NRG,Percentage of energy supply,_T,Total - all activities,2020,,5.8,,A,Normal value,,,0,Units,_Z,Not applicable,,,1,"1 year lag, timely",2,Two
DATAFLOW,OECD.ENV.EPI:DSD_GG@DF_GREEN_GROWTH(1.1),Green Growth,I,KGZ,Kyrgyzstan,A,Annual,RE_TPES_EBIOM,Renewable energy supply (excluding solid biofuels),PT_SUP_NRG,Percentage of energy supply,_T,Total - all activities,2020,,31.8,,A,Normal value,,,0,Units,_Z,Not applicable,,,1,"1 year lag, timely",2,Two
DATAFLOW,OECD.ENV.EPI:DSD_GG@DF_GREEN_GROWTH(1.1),Green Growth,I,SWZ,Eswatini,A,Annual,RE_TPES_EBIOM,Renewable energy supply (excluding solid biofuels),PT_SUP_NRG,Percentage of energy supply,_T,Total - all activities,2020,,1.95,,A,Normal value,,,0,Units,_Z,Not applicable,,,1,"1 year lag, timely",2,Two
DATAFLOW,OECD.ENV.EPI:DSD_GG@DF_GREEN_GROWTH(1.1),Green Growth,I,NGA,Nigeria,A,Annual,RE_TPES_EBIOM,Renewable energy supply (excluding solid biofuels),PT_SUP_NRG,Percentage of energy supply,_T,Total - all activities,2020,,0.42,,A,Normal value,,,0,Units,_Z,Not applicable,,,1,"1 year lag, timely",2,Two
DATAFLOW,OECD.ENV.EPI:DSD_GG@DF_GREEN_GROWTH(1.1),Green Growth,I,DZA,Algeria,A,Annual,RE_TPES_EBIOM,Renewable energy supply (excluding solid biofuels),PT_SUP_NRG,Percentage of energy supply,_T,Total - all activities,2020,,0.1,,A,Normal value,,,0,Units,_Z,Not applicable,,,1,"1 year lag, timely",2,Two
DATAFLOW,OECD.ENV.EPI:DSD_GG@DF_GREEN_GROWTH(1.1),Green Growth,I,SLV,El Salvador,A,Annual,RE_TPES_EBIOM,Renewable energy supply (excluding solid biofuels),PT_SUP_NRG,Percentage of energy supply,_T,Total - all activities,2020,,38.41,,A,Normal value,,,0,Units,_Z,Not applicable,,,1,"1 year lag, timely",2,Two
DATAFLOW,OECD.ENV.EPI:DSD_GG@DF_GREEN_GROWTH(1.1),Green Growth,I,CYP,Cyprus,A,Annual,RE_TPES_EBIOM,Renewable energy supply (excluding solid biofuels),PT_SUP_NRG,Percentage of energy supply,_T,Total - all activities,2020,,9,,A,Normal value,,,0,Units,_Z,Not applicable,,,1,"1 year lag, timely",2,Two
DATAFLOW,OECD.ENV.EPI:DSD_GG@DF_GREEN_GROWTH(1.1),Green Growth,I,HUN,Hungary,A,Annual,RE_TPES_EBIOM,Renewable energy supply (excluding solid biofuels),PT_SUP_NRG,Percentage of energy supply,_T,Total - all activities,2020,,3.41,,A,Normal value,,,0,Units,_Z,Not applicable,,,1,"1 year lag, timely",2,Two
DATAFLOW,OECD.ENV.EPI:DSD_GG@DF_GREEN_GROWTH(1.1),Green Growth,I,NER,Niger,A,Annual,RE_TPES_EBIOM,Renewable energy supply (excluding solid biofuels),PT_SUP_NRG,Percentage of energy supply,_T,Total - all activities,2020,,0.06,,A,Normal value,,,0,Units,_Z,Not applicable,,,1,"1 year lag, timely",2,Two
DATAFLOW,OECD.ENV.EPI:DSD_GG@DF_GREEN_GROWTH(1.1),Green Growth,I,FRA,France,A,Annual,RE_TPES_EBIOM,Renewable energy supply (excluding solid biofuels),PT_SUP_NRG,Percentage of energy supply,_T,Total - all activities,2020,,7.31,,A,Normal value,,,0,Units,_Z,Not applicable,,,1,"1 year lag, timely",2,Two
DATAFLOW,OECD.ENV.EPI:DSD_GG@DF_GREEN_GROWTH(1.1),Green Growth,I,HND,Honduras,A,Annual,RE_TPES_EBIOM,Renewable energy supply (excluding solid biofuels),PT_SUP_NRG,Percentage of energy supply,_T,Total - all activities,2020,,12.09,,A,Normal value,,,0,Units,_Z,Not applicable,,,1,"1 year lag, timely",2,Two
DATAFLOW,OECD.ENV.EPI:DSD_GG@DF_GREEN_GROWTH(1.1),Green Growth,I,KEN,Kenya,A,Annual,RE_TPES_EBIOM,Renewable energy supply (excluding solid biofuels),PT_SUP_NRG,Percentage of energy supply,_T,Total - all activities,2020,,16.91,,A,Normal value,,,0,Units,_Z,Not applicable,,,1,"1 year lag, timely",2,Two
DATAFLOW,OECD.ENV.EPI:DSD_GG@DF_GREEN_GROWTH(1.1),Green Growth,I,UKR,Ukraine,A,Annual,RE_TPES_EBIOM,Renewable energy supply (excluding solid biofuels),PT_SUP_NRG,Percentage of energy supply,_T,Total - all activities,2020,,1.84,,A,Normal value,,,0,Units,_Z,Not applicable,,,1,"1 year lag, timely",2,Two
DATAFLOW,OECD.ENV.EPI:DSD_GG@DF_GREEN_GROWTH(1.1),Green Growth,I,ESP,Spain,A,Annual,RE_TPES_EBIOM,Renewable energy supply (excluding solid biofuels),PT_SUP_NRG,Percentage of energy supply,_T,Total - all activities,2020,,11.99,,A,Normal value,,,0,Units,_Z,Not applicable,,,1,"1 year lag, timely",2,Two
DATAFLOW,OECD.ENV.EPI:DSD_GG@DF_GREEN_GROWTH(1.1),Green Growth,I,TUN,Tunisia,A,Annual,RE_TPES_EBIOM,Renewable energy supply (excluding solid biofuels),PT_SUP_NRG,Percentage of energy supply,_T,Total - all activities,2020,,1.27,,A,Normal value,,,0,Units,_Z,Not applicable,,,1,"1 year lag, timely",2,Two
DATAFLOW,OECD.ENV.EPI:DSD_GG@DF_GREEN_GROWTH(1.1),Green Growth,I,RUS,Russia,A,Annual,RE_TPES_EBIOM,Renewable energy supply (excluding solid biofuels),PT_SUP_NRG,Percentage of energy supply,_T,Total - all activities,2020,,2.46,,A,Normal value,,,0,Units,_Z,Not applicable,,,1,"1 year lag, timely",2,Two
DATAFLOW,OECD.ENV.EPI:DSD_GG@DF_GREEN_GROWTH(1.1),Green Growth,I,BLR,Belarus,A,Annual,RE_TPES_EBIOM,Renewable energy supply (excluding solid biofuels),PT_SUP_NRG,Percentage of energy supply,_T,Total - all activities,2020,,0.47,,A,Normal value,,,0,Units,_Z,Not applicable,,,1,"1 year lag, timely",2,Two
DATAFLOW,OECD.ENV.EPI:DSD_GG@DF_GREEN_GROWTH(1.1),Green Growth,I,MKD,North Macedonia,A,Annual,RE_TPES_EBIOM,Renewable energy supply (excluding solid biofuels),PT_SUP_NRG,Percentage of energy supply,_T,Total - all activities,2020,,5.66,,A,Normal value,,,0,Units,_Z,Not applicable,,,1,"1 year lag, timely",2,Two
DATAFLOW,OECD.ENV.EPI:DSD_GG@DF_GREEN_GROWTH(1.1),Green Growth,I,TUR,Türkiye,A,Annual,RE_TPES_EBIOM,Renewable energy supply (excluding solid biofuels),PT_SUP_NRG,Percentage of energy supply,_T,Total - all activities,2020,,14.98,,A,Normal value,,,0,Units,_Z,Not applicable,,,1,"1 year lag, timely",2,Two
DATAFLOW,OECD.ENV.EPI:DSD_GG@DF_GREEN_GROWTH(1.1),Green Growth,I,OMN,Oman,A,Annual,RE_TPES_EBIOM,Renewable energy supply (excluding solid biofuels),PT_SUP_NRG,Percentage of energy supply,_T,Total - all activities,2020,,0.04,,A,Normal value,,,0,Units,_Z,Not applicable,,,1,"1 year lag, timely",2,Two
DATAFLOW,OECD.ENV.EPI:DSD_GG@DF_GREEN_GROWTH(1.1),Green Growth,I,QAT,Qatar,A,Annual,RE_TPES_EBIOM,Renewable energy supply (excluding solid biofuels),PT_SUP_NRG,Percentage of energy supply,_T,Total - all activities,2020,,0,,A,Normal value,,,0,Units,_Z,Not applicable,,,1,"1 year lag, timely",2,Two
DATAFLOW,OECD.ENV.EPI:DSD_GG@DF_GREEN_GROWTH(1.1),Green Growth,I,GEO,Georgia,A,Annual,RE_TPES_EBIOM,Renewable energy supply (excluding solid biofuels),PT_SUP_NRG,Percentage of energy supply,_T,Total - all activities,2020,,14.89,,A,Normal value,,,0,Units,_Z,Not applicable,,,1,"1 year lag, timely",2,Two
DATAFLOW,OECD.ENV.EPI:DSD_GG@DF_GREEN_GROWTH(1.1),Green Growth,I,MNE,Montenegro,A,Annual,RE_TPES_EBIOM,Renewable energy supply (excluding solid biofuels),PT_SUP_NRG,Percentage of energy supply,_T,Total - all activities,2020,,14.92,,A,Normal value,,,0,Units,_Z,Not applicable,,,1,"1 year lag, timely",2,Two
DATAFLOW,OECD.ENV.EPI:DSD_GG@DF_GREEN_GROWTH(1.1),Green Growth,I,ARM,Armenia,A,Annual,RE_TPES_EBIOM,Renewable energy supply (excluding solid biofuels),PT_SUP_NRG,Percentage of energy supply,_T,Total - all activities,2020,,4.99,,A,Normal value,,,0,Units,_Z,Not applicable,,,1,"1 year lag, timely",2,Two
DATAFLOW,OECD.ENV.EPI:DSD_GG@DF_GREEN_GROWTH(1.1),Green Growth,I,SVK,Slovak Republic,A,Annual,RE_TPES_EBIOM,Renewable energy supply (excluding solid biofuels),PT_SUP_NRG,Percentage of energy supply,_T,Total - all activities,2020,,4.72,,A,Normal value,,,0,Units,_Z,Not applicable,,,1,"1 year lag, timely",2,Two
DATAFLOW,OECD.ENV.EPI:DSD_GG@DF_GREEN_GROWTH(1.1),Green Growth,I,BWA,Botswana,A,Annual,RE_TPES_EBIOM,Renewable energy supply (excluding solid biofuels),PT_SUP_NRG,Percentage of energy supply,_T,Total - all activities,2020,,0.08,,A,Normal value,,,0,Units,_Z,Not applicable,,,1,"1 year lag, timely",2,Two
DATAFLOW,OECD.ENV.EPI:DSD_GG@DF_GREEN_GROWTH(1.1),Green Growth,I,PRY,Paraguay,A,Annual,RE_TPES_EBIOM,Renewable energy supply (excluding solid biofuels),PT_SUP_NRG,Percentage of energy supply,_T,Total - all activities,2020,,59.43,,A,Normal value,,,0,Units,_Z,Not applicable,,,1,"1 year lag, timely",2,Two
DATAFLOW,OECD.ENV.EPI:DSD_GG@DF_GREEN_GROWTH(1.1),Green Growth,I,DNK,Denmark,A,Annual,RE_TPES_EBIOM,Renewable energy supply (excluding solid biofuels),PT_SUP_NRG,Percentage of energy supply,_T,Total - all activities,2020,,18.83,,A,Normal value,,,0,Units,_Z,Not applicable,,,1,"1 year lag, timely",2,Two
DATAFLOW,OECD.ENV.EPI:DSD_GG@DF_GREEN_GROWTH(1.1),Green Growth,I,IRL,Ireland,A,Annual,RE_TPES_EBIOM,Renewable energy supply (excluding solid biofuels),PT_SUP_NRG,Percentage of energy supply,_T,Total - all activities,2020,,10.99,,A,Normal value,,,0,Units,_Z,Not applicable,,,1,"1 year lag, timely",2,Two
DATAFLOW,OECD.ENV.EPI:DSD_GG@DF_GREEN_GROWTH(1.1),Green Growth,I,NLD,Netherlands,A,Annual,RE_TPES_EBIOM,Renewable energy supply (excluding solid biofuels),PT_SUP_NRG,Percentage of energy supply,_T,Total - all activities,2020,,6.06,,A,Normal value,,,0,Units,_Z,Not applicable,,,1,"1 year lag, timely",2,Two
DATAFLOW,OECD.ENV.EPI:DSD_GG@DF_GREEN_GROWTH(1.1),Green Growth,I,THA,Thailand,A,Annual,RE_TPES_EBIOM,Renewable energy supply (excluding solid biofuels),PT_SUP_NRG,Percentage of energy supply,_T,Total - all activities,2020,,3.67,,A,Normal value,,,0,Units,_Z,Not applicable,,,1,"1 year lag, timely",2,Two
DATAFLOW,OECD.ENV.EPI:DSD_GG@DF_GREEN_GROWTH(1.1),Green Growth,I,PAN,Panama,A,Annual,RE_TPES_EBIOM,Renewable energy supply (excluding solid biofuels),PT_SUP_NRG,Percentage of energy supply,_T,Total - all activities,2020,,17.84,,A,Normal value,,,0,Units,_Z,Not applicable,,,1,"1 year lag, timely",2,Two
DATAFLOW,OECD.ENV.EPI:DSD_GG@DF_GREEN_GROWTH(1.1),Green Growth,I,SRB,Serbia,A,Annual,RE_TPES_EBIOM,Renewable energy supply (excluding solid biofuels),PT_SUP_NRG,Percentage of energy supply,_T,Total - all activities,2020,,5.73,,A,Normal value,,,0,Units,_Z,Not applicable,,,1,"1 year lag, timely",2,Two
DATAFLOW,OECD.ENV.EPI:DSD_GG@DF_GREEN_GROWTH(1.1),Green Growth,I,AUS,Australia,A,Annual,RE_TPES_EBIOM,Renewable energy supply (excluding solid biofuels),PT_SUP_NRG,Percentage of energy supply,_T,Total - all activities,2020,,4.41,,A,Normal value,,,0,Units,_Z,Not applicable,,,1,"1 year lag, timely",2,Two
DATAFLOW,OECD.ENV.EPI:DSD_GG@DF_GREEN_GROWTH(1.1),Green Growth,I,FIN,Finland,A,Annual,RE_TPES_EBIOM,Renewable energy supply (excluding solid biofuels),PT_SUP_NRG,Percentage of energy supply,_T,Total - all activities,2020,,9.5,,A,Normal value,,,0,Units,_Z,Not applicable,,,1,"1 year lag, timely",2,Two
DATAFLOW,OECD.ENV.EPI:DSD_GG@DF_GREEN_GROWTH(1.1),Green Growth,I,COL,Colombia,A,Annual,RE_TPES_EBIOM,Renewable energy supply (excluding solid biofuels),PT_SUP_NRG,Percentage of energy supply,_T,Total - all activities,2020,,12.51,,A,Normal value,,,0,Units,_Z,Not applicable,,,1,"1 year lag, timely",2,Two
DATAFLOW,OECD.ENV.EPI:DSD_GG@DF_GREEN_GROWTH(1.1),Green Growth,I,LKA,Sri Lanka,A,Annual,RE_TPES_EBIOM,Renewable energy supply (excluding solid biofuels),PT_SUP_NRG,Percentage of energy supply,_T,Total - all activities,2020,,4.13,,A,Normal value,,,0,Units,_Z,Not applicable,,,1,"1 year lag, timely",2,Two
DATAFLOW,OECD.ENV.EPI:DSD_GG@DF_GREEN_GROWTH(1.1),Green Growth,I,ISL,Iceland,A,Annual,RE_TPES_EBIOM,Renewable energy supply (excluding solid biofuels),PT_SUP_NRG,Percentage of energy supply,_T,Total - all activities,2020,,89.47,,A,Normal value,,,0,Units,_Z,Not applicable,,,1,"1 year lag, timely",2,Two
DATAFLOW,OECD.ENV.EPI:DSD_GG@DF_GREEN_GROWTH(1.1),Green Growth,I,MAR,Morocco,A,Annual,RE_TPES_EBIOM,Renewable energy supply (excluding solid biofuels),PT_SUP_NRG,Percentage of energy supply,_T,Total - all activities,2020,,3.79,,A,Normal value,,,0,Units,_Z,Not applicable,,,1,"1 year lag, timely",2,Two
DATAFLOW,OECD.ENV.EPI:DSD_GG@DF_GREEN_GROWTH(1.1),Green Growth,I,BOL,Bolivia,A,Annual,RE_TPES_EBIOM,Renewable energy supply (excluding solid biofuels),PT_SUP_NRG,Percentage of energy supply,_T,Total - all activities,2020,,4.16,,A,Normal value,,,0,Units,_Z,Not applicable,,,1,"1 year lag, timely",2,Two
DATAFLOW,OECD.ENV.EPI:DSD_GG@DF_GREEN_GROWTH(1.1),Green Growth,I,USA,United States,A,Annual,RE_TPES_EBIOM,Renewable energy supply (excluding solid biofuels),PT_SUP_NRG,Percentage of energy supply,_T,Total - all activities,2020,,5.83,,A,Normal value,,,0,Units,_Z,Not applicable,,,1,"1 year lag, timely",2,Two
DATAFLOW,OECD.ENV.EPI:DSD_GG@DF_GREEN_GROWTH(1.1),Green Growth,I,IRQ,Iraq,A,Annual,RE_TPES_EBIOM,Renewable energy supply (excluding solid biofuels),PT_SUP_NRG,Percentage of energy supply,_T,Total - all activities,2020,,0.94,,A,Normal value,,,0,Units,_Z,Not applicable,,,1,"1 year lag, timely",2,Two
DATAFLOW,OECD.ENV.EPI:DSD_GG@DF_GREEN_GROWTH(1.1),Green Growth,I,BEL,Belgium,A,Annual,RE_TPES_EBIOM,Renewable energy supply (excluding solid biofuels),PT_SUP_NRG,Percentage of energy supply,_T,Total - all activities,2020,,5.76,,A,Normal value,,,0,Units,_Z,Not applicable,,,1,"1 year lag, timely",2,Two
DATAFLOW,OECD.ENV.EPI:DSD_GG@DF_GREEN_GROWTH(1.1),Green Growth,I,BHR,Bahrain,A,Annual,RE_TPES_EBIOM,Renewable energy supply (excluding solid biofuels),PT_SUP_NRG,Percentage of energy supply,_T,Total - all activities,2020,,0,,A,Normal value,,,0,Units,_Z,Not applicable,,,1,"1 year lag, timely",2,Two
DATAFLOW,OECD.ENV.EPI:DSD_GG@DF_GREEN_GROWTH(1.1),Green Growth,I,OECDE,OECD Europe,A,Annual,RE_TPES_EBIOM,Renewable energy supply (excluding solid biofuels),PT_SUP_NRG,Percentage of energy supply,_T,Total - all activities,2020,,11.45,,A,Normal value,,,0,Units,_Z,Not applicable,,,1,"1 year lag, timely",2,Two
DATAFLOW,OECD.ENV.EPI:DSD_GG@DF_GREEN_GROWTH(1.1),Green Growth,I,LAO,Lao People’s Democratic Republic,A,Annual,RE_TPES_EBIOM,Renewable energy supply (excluding solid biofuels),PT_SUP_NRG,Percentage of energy supply,_T,Total - all activities,2020,,45.81,,A,Normal value,,,0,Units,_Z,Not applicable,,,1,"1 year lag, timely",2,Two
DATAFLOW,OECD.ENV.EPI:DSD_GG@DF_GREEN_GROWTH(1.1),Green Growth,I,MEX,Mexico,A,Annual,RE_TPES_EBIOM,Renewable energy supply (excluding solid biofuels),PT_SUP_NRG,Percentage of energy supply,_T,Total - all activities,2020,,4.39,,A,Normal value,,,0,Units,_Z,Not applicable,,,1,"1 year lag, timely",2,Two
DATAFLOW,OECD.ENV.EPI:DSD_GG@DF_GREEN_GROWTH(1.1),Green Growth,I,CAN,Canada,A,Annual,RE_TPES_EBIOM,Renewable energy supply (excluding solid biofuels),PT_SUP_NRG,Percentage of energy supply,_T,Total - all activities,2020,,13.77,,A,Normal value,,,0,Units,_Z,Not applicable,,,1,"1 year lag, timely",2,Two
DATAFLOW,OECD.ENV.EPI:DSD_GG@DF_GREEN_GROWTH(1.1),Green Growth,I,MDA,Moldova,A,Annual,RE_TPES_EBIOM,Renewable energy supply (excluding solid biofuels),PT_SUP_NRG,Percentage of energy supply,_T,Total - all activities,2020,,0.93,,A,Normal value,,,0,Units,_Z,Not applicable,,,1,"1 year lag, timely",2,Two
DATAFLOW,OECD.ENV.EPI:DSD_GG@DF_GREEN_GROWTH(1.1),Green Growth,I,TTO,Trinidad and Tobago,A,Annual,RE_TPES_EBIOM,Renewable energy supply (excluding solid biofuels),PT_SUP_NRG,Percentage of energy supply,_T,Total - all activities,2020,,0,,A,Normal value,,,0,Units,_Z,Not applicable,,,1,"1 year lag, timely",2,Two
DATAFLOW,OECD.ENV.EPI:DSD_GG@DF_GREEN_GROWTH(1.1),Green Growth,I,AGO,Angola,A,Annual,RE_TPES_EBIOM,Renewable energy supply (excluding solid biofuels),PT_SUP_NRG,Percentage of energy supply,_T,Total - all activities,2020,,7.89,,A,Normal value,,,0,Units,_Z,Not applicable,,,1,"1 year lag, timely",2,Two
DATAFLOW,OECD.ENV.EPI:DSD_GG@DF_GREEN_GROWTH(1.1),Green Growth,I,JAM,Jamaica,A,Annual,RE_TPES_EBIOM,Renewable energy supply (excluding solid biofuels),PT_SUP_NRG,Percentage of energy supply,_T,Total - all activities,2020,,3.56,,A,Normal value,,,0,Units,_Z,Not applicable,,,1,"1 year lag, timely",2,Two
DATAFLOW,OECD.ENV.EPI:DSD_GG@DF_GREEN_GROWTH(1.1),Green Growth,I,CRI,Costa Rica,A,Annual,RE_TPES_EBIOM,Renewable energy supply (excluding solid biofuels),PT_SUP_NRG,Percentage of energy supply,_T,Total - all activities,2020,,44.59,,A,Normal value,,,0,Units,_Z,Not applicable,,,1,"1 year lag, timely",2,Two
DATAFLOW,OECD.ENV.EPI:DSD_GG@DF_GREEN_GROWTH(1.1),Green Growth,I,ZMB,Zambia,A,Annual,RE_TPES_EBIOM,Renewable energy supply (excluding solid biofuels),PT_SUP_NRG,Percentage of energy supply,_T,Total - all activities,2020,,10.18,,A,Normal value,,,0,Units,_Z,Not applicable,,,1,"1 year lag, timely",2,Two
DATAFLOW,OECD.ENV.EPI:DSD_GG@DF_GREEN_GROWTH(1.1),Green Growth,I,CUW,Curaçao,A,Annual,RE_TPES_EBIOM,Renewable energy supply (excluding solid biofuels),PT_SUP_NRG,Percentage of energy supply,_T,Total - all activities,2020,,2.56,,A,Normal value,,,0,Units,_Z,Not applicable,,,1,"1 year lag, timely",2,Two
DATAFLOW,OECD.ENV.EPI:DSD_GG@DF_GREEN_GROWTH(1.1),Green Growth,I,OECDA,OECD America,A,Annual,RE_TPES_EBIOM,Renewable energy supply (excluding solid biofuels),PT_SUP_NRG,Percentage of energy supply,_T,Total - all activities,2020,,6.82,,A,Normal value,,,0,Units,_Z,Not applicable,,,1,"1 year lag, timely",2,Two
DATAFLOW,OECD.ENV.EPI:DSD_GG@DF_GREEN_GROWTH(1.1),Green Growth,I,SWE,Sweden,A,Annual,RE_TPES_EBIOM,Renewable energy supply (excluding solid biofuels),PT_SUP_NRG,Percentage of energy supply,_T,Total - all activities,2020,,25.78,,A,Normal value,,,0,Units,_Z,Not applicable,,,1,"1 year lag, timely",2,Two
DATAFLOW,OECD.ENV.EPI:DSD_GG@DF_GREEN_GROWTH(1.1),Green Growth,I,EU28,European Union (28 countries),A,Annual,RE_TPES_EBIOM,Renewable energy supply (excluding solid biofuels),PT_SUP_NRG,Percentage of energy supply,_T,Total - all activities,2020,,9.78,,A,Normal value,,,0,Units,_Z,Not applicable,,,1,"1 year lag, timely",2,Two
DATAFLOW,OECD.ENV.EPI:DSD_GG@DF_GREEN_GROWTH(1.1),Green Growth,I,SAU,Saudi Arabia,A,Annual,RE_TPES_EBIOM,Renewable energy supply (excluding solid biofuels),PT_SUP_NRG,Percentage of energy supply,_T,Total - all activities,2020,,0.03,,A,Normal value,,,0,Units,_Z,Not applicable,,,1,"1 year lag, timely",2,Two
DATAFLOW,OECD.ENV.EPI:DSD_GG@DF_GREEN_GROWTH(1.1),Green Growth,I,MNG,Mongolia,A,Annual,RE_TPES_EBIOM,Renewable energy supply (excluding solid biofuels),PT_SUP_NRG,Percentage of energy supply,_T,Total - all activities,2020,,0.89,,A,Normal value,,,0,Units,_Z,Not applicable,,,1,"1 year lag, timely",2,Two
DATAFLOW,OECD.ENV.EPI:DSD_GG@DF_GREEN_GROWTH(1.1),Green Growth,I,SUR,Suriname,A,Annual,RE_TPES_EBIOM,Renewable energy supply (excluding solid biofuels),PT_SUP_NRG,Percentage of energy supply,_T,Total - all activities,2020,,8.08,,A,Normal value,,,0,Units,_Z,Not applicable,,,1,"1 year lag, timely",2,Two
DATAFLOW,OECD.ENV.EPI:DSD_GG@DF_GREEN_GROWTH(1.1),Green Growth,I,GBR,United Kingdom,A,Annual,RE_TPES_EBIOM,Renewable energy supply (excluding solid biofuels),PT_SUP_NRG,Percentage of energy supply,_T,Total - all activities,2020,,8.94,,A,Normal value,,,0,Units,_Z,Not applicable,,,1,"1 year lag, timely",2,Two
DATAFLOW,OECD.ENV.EPI:DSD_GG@DF_GREEN_GROWTH(1.1),Green Growth,I,ROU,Romania,A,Annual,RE_TPES_EBIOM,Renewable energy supply (excluding solid biofuels),PT_SUP_NRG,Percentage of energy supply,_T,Total - all activities,2020,,8.07,,A,Normal value,,,0,Units,_Z,Not applicable,,,1,"1 year lag, timely",2,Two
DATAFLOW,OECD.ENV.EPI:DSD_GG@DF_GREEN_GROWTH(1.1),Green Growth,I,CIV,Côte d’Ivoire,A,Annual,RE_TPES_EBIOM,Renewable energy supply (excluding solid biofuels),PT_SUP_NRG,Percentage of energy supply,_T,Total - all activities,2020,,2.59,,A,Normal value,,,0,Units,_Z,Not applicable,,,1,"1 year lag, timely",2,Two
DATAFLOW,OECD.ENV.EPI:DSD_GG@DF_GREEN_GROWTH(1.1),Green Growth,I,ERI,Eritrea,A,Annual,RE_TPES_EBIOM,Renewable energy supply (excluding solid biofuels),PT_SUP_NRG,Percentage of energy supply,_T,Total - all activities,2020,,0.13,,A,Normal value,,,0,Units,_Z,Not applicable,,,1,"1 year lag, timely",2,Two
DATAFLOW,OECD.ENV.EPI:DSD_GG@DF_GREEN_GROWTH(1.1),Green Growth,I,OECDSO,OECD Asia Oceania,A,Annual,RE_TPES_EBIOM,Renewable energy supply (excluding solid biofuels),PT_SUP_NRG,Percentage of energy supply,_T,Total - all activities,2020,,4.31,,A,Normal value,,,0,Units,_Z,Not applicable,,,1,"1 year lag, timely",2,Two
DATAFLOW,OECD.ENV.EPI:DSD_GG@DF_GREEN_GROWTH(1.1),Green Growth,I,MDG,Madagascar,A,Annual,RE_TPES_EBIOM,Renewable energy supply (excluding solid biofuels),PT_SUP_NRG,Percentage of energy supply,_T,Total - all activities,2020,,0.69,,A,Normal value,,,0,Units,_Z,Not applicable,,,1,"1 year lag, timely",2,Two
DATAFLOW,OECD.ENV.EPI:DSD_GG@DF_GREEN_GROWTH(1.1),Green Growth,I,CHL,Chile,A,Annual,RE_TPES_EBIOM,Renewable energy supply (excluding solid biofuels),PT_SUP_NRG,Percentage of energy supply,_T,Total - all activities,2020,,8.93,,A,Normal value,,,0,Units,_Z,Not applicable,,,1,"1 year lag, timely",2,Two
DATAFLOW,OECD.ENV.EPI:DSD_GG@DF_GREEN_GROWTH(1.1),Green Growth,I,HTI,Haiti,A,Annual,RE_TPES_EBIOM,Renewable energy supply (excluding solid biofuels),PT_SUP_NRG,Percentage of energy supply,_T,Total - all activities,2020,,0.36,,A,Normal value,,,0,Units,_Z,Not applicable,,,1,"1 year lag, timely",2,Two
DATAFLOW,OECD.ENV.EPI:DSD_GG@DF_GREEN_GROWTH(1.1),Green Growth,I,OECD,OECD,A,Annual,RE_TPES_EBIOM,Renewable energy supply (excluding solid biofuels),PT_SUP_NRG,Percentage of energy supply,_T,Total - all activities,2020,,7.89,,A,Normal value,,,0,Units,_Z,Not applicable,,,1,"1 year lag, timely",2,Two
DATAFLOW,OECD.ENV.EPI:DSD_GG@DF_GREEN_GROWTH(1.1),Green Growth,I,ARG,Argentina,A,Annual,RE_TPES_EBIOM,Renewable energy supply (excluding solid biofuels),PT_SUP_NRG,Percentage of energy supply,_T,Total - all activities,2020,,5.36,,A,Normal value,,,0,Units,_Z,Not applicable,,,1,"1 year lag, timely",2,Two
DATAFLOW,OECD.ENV.EPI:DSD_GG@DF_GREEN_GROWTH(1.1),Green Growth,I,PRT,Portugal,A,Annual,RE_TPES_EBIOM,Renewable energy supply (excluding solid biofuels),PT_SUP_NRG,Percentage of energy supply,_T,Total - all activities,2020,,14.85,,A,Normal value,,,0,Units,_Z,Not applicable,,,1,"1 year lag, timely",2,Two
DATAFLOW,OECD.ENV.EPI:DSD_GG@DF_GREEN_GROWTH(1.1),Green Growth,I,KOR,Korea,A,Annual,RE_TPES_EBIOM,Renewable energy supply (excluding solid biofuels),PT_SUP_NRG,Percentage of energy supply,_T,Total - all activities,2020,,1.44,,A,Normal value,,,0,Units,_Z,Not applicable,,,1,"1 year lag, timely",2,Two
DATAFLOW,OECD.ENV.EPI:DSD_GG@DF_GREEN_GROWTH(1.1),Green Growth,I,SEN,Senegal,A,Annual,RE_TPES_EBIOM,Renewable energy supply (excluding solid biofuels),PT_SUP_NRG,Percentage of energy supply,_T,Total - all activities,2020,,1.11,,A,Normal value,,,0,Units,_Z,Not applicable,,,1,"1 year lag, timely",2,Two
DATAFLOW,OECD.ENV.EPI:DSD_GG@DF_GREEN_GROWTH(1.1),Green Growth,I,IND,India,A,Annual,RE_TPES_EBIOM,Renewable energy supply (excluding solid biofuels),PT_SUP_NRG,Percentage of energy supply,_T,Total - all activities,2020,,3.37,,A,Normal value,,,0,Units,_Z,Not applicable,,,1,"1 year lag, timely",2,Two
DATAFLOW,OECD.ENV.EPI:DSD_GG@DF_GREEN_GROWTH(1.1),Green Growth,I,CMR,Cameroon,A,Annual,RE_TPES_EBIOM,Renewable energy supply (excluding solid biofuels),PT_SUP_NRG,Percentage of energy supply,_T,Total - all activities,2020,,4.64,,A,Normal value,,,0,Units,_Z,Not applicable,,,1,"1 year lag, timely",2,Two
DATAFLOW,OECD.ENV.EPI:DSD_GG@DF_GREEN_GROWTH(1.1),Green Growth,I,BRA,Brazil,A,Annual,RE_TPES_EBIOM,Renewable energy supply (excluding solid biofuels),PT_SUP_NRG,Percentage of energy supply,_T,Total - all activities,2020,,21.66,,A,Normal value,,,0,Units,_Z,Not applicable,,,1,"1 year lag, timely",2,Two
DATAFLOW,OECD.ENV.EPI:DSD_GG@DF_GREEN_GROWTH(1.1),Green Growth,I,MYS,Malaysia,A,Annual,RE_TPES_EBIOM,Renewable energy supply (excluding solid biofuels),PT_SUP_NRG,Percentage of energy supply,_T,Total - all activities,2020,,3.61,,A,Normal value,,,0,Units,_Z,Not applicable,,,1,"1 year lag, timely",2,Two
DATAFLOW,OECD.ENV.EPI:DSD_GG@DF_GREEN_GROWTH(1.1),Green Growth,I,GNQ,Equatorial Guinea,A,Annual,RE_TPES_EBIOM,Renewable energy supply (excluding solid biofuels),PT_SUP_NRG,Percentage of energy supply,_T,Total - all activities,2020,,2.23,,A,Normal value,,,0,Units,_Z,Not applicable,,,1,"1 year lag, timely",2,Two
DATAFLOW,OECD.ENV.EPI:DSD_GG@DF_GREEN_GROWTH(1.1),Green Growth,I,AUT,Austria,A,Annual,RE_TPES_EBIOM,Renewable energy supply (excluding solid biofuels),PT_SUP_NRG,Percentage of energy supply,_T,Total - all activities,2020,,17.19,,A,Normal value,,,0,Units,_Z,Not applicable,,,1,"1 year lag, timely",2,Two
